{
	"class_name" : "PinholeCameraParameters",
	"extrinsic" : 
	[
		-0.91164146504209942,
		0.4091474779249733,
		0.038835299967017289,
		0.0,
		0.16970128568139095,
		0.46080490309358141,
		-0.87112588925080059,
		0.0,
		-0.37431445718002632,
		-0.78756408157847602,
		-0.48952170999198169,
		0.0,
		16.546160724277691,
		9.3856721786291502,
		163.48390599236151,
		1.0
	],
	"intrinsic" : 
	{
		"height" : 540,
		"intrinsic_matrix" : 
		[
			467.65371804359688,
			0.0,
			0.0,
			0.0,
			467.65371804359688,
			0.0,
			479.5,
			269.5,
			1.0
		],
		"width" : 960
	},
	"version_major" : 1,
	"version_minor" : 0
}