{
	"class_name" : "PinholeCameraParameters",
	"extrinsic" : 
	[
		0.90291939193884707,
		0.36629745280015696,
		0.22486161907470872,
		0.0,
		0.22412593779286494,
		0.045149720939768941,
		-0.97351377325003985,
		0.0,
		-0.36674805475864686,
		0.92940178543575969,
		-0.041330201542828078,
		0.0,
		3.4830535149610551,
		1.7080708146352217,
		4.0298659593046224,
		1.0
	],
	"intrinsic" : 
	{
		"height" : 1080,
		"intrinsic_matrix" : 
		[
			935.30743608719376,
			0.0,
			0.0,
			0.0,
			935.30743608719376,
			0.0,
			959.5,
			539.5,
			1.0
		],
		"width" : 1920
	},
	"version_major" : 1,
	"version_minor" : 0
}