{
    "batchName": "",
    "batchTime": 0,
    "boardConf": "",
    "boardCustom": "",
    "boardName": "OAK-D",
    "boardOptions": 0,
    "boardRev": "R1M0E1",
    "cameraData": [
        [
            2,
            {
                "cameraType": 0,
                "distortionCoeff": [
                    -10.612578392028809,
                    96.1052474975586,
                    -0.0003611376159824431,
                    4.256470128893852e-05,
                    -75.63127899169922,
                    -10.658458709716797,
                    95.71613311767578,
                    -74.4359359741211,
                    0.0,
                    0.0,
                    0.0,
                    0.0,
                    0.0,
                    0.0
                ],
                "extrinsics": {
                    "rotationMatrix": [
                        [
                            0.9998381733894348,
                            0.01695035584270954,
                            -0.006028956733644009
                        ],
                        [
                            -0.016897400841116905,
                            0.9998190999031067,
                            0.008728585205972195
                        ],
                        [
                            0.006175818853080273,
                            -0.008625298738479614,
                            0.999943733215332
                        ]
                    ],
                    "specTranslation": {
                        "x": 3.75,
                        "y": 0.0,
                        "z": 0.0
                    },
                    "toCameraSocket": 0,
                    "translation": {
                        "x": 3.690237283706665,
                        "y": 0.07366710156202316,
                        "z": -0.33065712451934814
                    }
                },
                "height": 800,
                "intrinsicMatrix": [
                    [
                        803.4054565429688,
                        0.0,
                        627.2868041992188
                    ],
                    [
                        0.0,
                        803.4054565429688,
                        394.6316223144531
                    ],
                    [
                        0.0,
                        0.0,
                        1.0
                    ]
                ],
                "lensPosition": 0,
                "specHfovDeg": 71.86000061035156,
                "width": 1280
            }
        ],
        [
            1,
            {
                "cameraType": 0,
                "distortionCoeff": [
                    8.514069557189941,
                    -0.07737985253334045,
                    -0.0017051040194928646,
                    0.0010953991441056132,
                    -19.41578483581543,
                    8.162081718444824,
                    1.0665740966796875,
                    -20.330556869506836,
                    0.0,
                    0.0,
                    0.0,
                    0.0,
                    0.0,
                    0.0
                ],
                "extrinsics": {
                    "rotationMatrix": [
                        [
                            0.9997336864471436,
                            -0.023064101114869118,
                            0.0008077461388893425
                        ],
                        [
                            0.023057755082845688,
                            0.9997086524963379,
                            0.007141417358070612
                        ],
                        [
                            -0.00097222113981843,
                            -0.0071208905428647995,
                            0.9999741911888123
                        ]
                    ],
                    "specTranslation": {
                        "x": -7.5,
                        "y": 0.0,
                        "z": 0.0
                    },
                    "toCameraSocket": 2,
                    "translation": {
                        "x": -7.483455657958984,
                        "y": -0.24315321445465088,
                        "z": 0.08041434735059738
                    }
                },
                "height": 800,
                "intrinsicMatrix": [
                    [
                        796.7593383789063,
                        0.0,
                        623.46337890625
                    ],
                    [
                        0.0,
                        796.7593383789063,
                        419.7984924316406
                    ],
                    [
                        0.0,
                        0.0,
                        1.0
                    ]
                ],
                "lensPosition": 0,
                "specHfovDeg": 71.86000061035156,
                "width": 1280
            }
        ],
        [
            0,
            {
                "cameraType": 0,
                "distortionCoeff": [
                    2.47780442237854,
                    -45.049007415771484,
                    -0.0013105260441079736,
                    0.0019221818074584007,
                    146.4289093017578,
                    2.323967218399048,
                    -44.0833625793457,
                    143.90785217285156,
                    0.0,
                    0.0,
                    0.0,
                    0.0,
                    0.0,
                    0.0
                ],
                "extrinsics": {
                    "rotationMatrix": [
                        [
                            0.0,
                            0.0,
                            0.0
                        ],
                        [
                            0.0,
                            0.0,
                            0.0
                        ],
                        [
                            0.0,
                            0.0,
                            0.0
                        ]
                    ],
                    "specTranslation": {
                        "x": -0.0,
                        "y": -0.0,
                        "z": -0.0
                    },
                    "toCameraSocket": -1,
                    "translation": {
                        "x": 0.0,
                        "y": 0.0,
                        "z": 0.0
                    }
                },
                "height": 2160,
                "intrinsicMatrix": [
                    [
                        3094.48486328125,
                        0.0,
                        1917.1802978515625
                    ],
                    [
                        0.0,
                        3094.48486328125,
                        1075.5216064453125
                    ],
                    [
                        0.0,
                        0.0,
                        1.0
                    ]
                ],
                "lensPosition": 130,
                "specHfovDeg": 68.7938003540039,
                "width": 3840
            }
        ]
    ],
    "hardwareConf": "",
    "imuExtrinsics": {
        "rotationMatrix": [
            [
                0.0,
                0.0,
                0.0
            ],
            [
                0.0,
                0.0,
                0.0
            ],
            [
                0.0,
                0.0,
                0.0
            ]
        ],
        "specTranslation": {
            "x": 0.0,
            "y": 0.0,
            "z": 0.0
        },
        "toCameraSocket": -1,
        "translation": {
            "x": 0.0,
            "y": 0.0,
            "z": 0.0
        }
    },
    "miscellaneousData": [],
    "productName": "",
    "stereoRectificationData": {
        "leftCameraSocket": 1,